position,№,Fotoğraf,wikipedia_link,Komutan,Görev başlangıcı,Görev bitişi,birth_year,birth_place,birth_date
Commander of the Turkish Army,1,,https://tr.wikipedia.org/wiki/Nuri_Yamut,Orgeneral Nuri Yamut,3 Ocak 1949,5 Haziran 1950,,,
Commander of the Turkish Army,2,,https://tr.wikipedia.org/wiki/Kurtcebe_Noyan,Orgeneral Kurtcebe Noyan,6 Haziran 1950,7 Mayıs 1951,1888,"Sivas, Osmanlı İmparatorluğu","1888Sivas, Osmanlı İmparatorluğu"
Commander of the Turkish Army,3,,https://tr.wikipedia.org/wiki/%C5%9E%C3%BCkr%C3%BC_Kanatl%C4%B1,Orgeneral Şükrü Kanatlı,28 Aralık 1951,15 Ocak 1954,1893,İstanbul,1893İstanbul
Commander of the Turkish Army,4,,https://tr.wikipedia.org/wiki/Nurettin_Baransel,Orgeneral Nurettin Baransel,6 Nisan 1954,28 Mayıs 1954,,,
Commander of the Turkish Army,5,,https://tr.wikipedia.org/wiki/Abd%C3%BClkadir_Seven,Orgeneral Abdülkadir Seven,10 Temmuz 1954,25 Nisan 1955,1891,Selanik,1891Selanik
Commander of the Turkish Army,6,,https://tr.wikipedia.org/wiki/Hakk%C4%B1_Tunaboylu,Orgeneral Hakkı Tunaboylu,13 Eylül 1955,6 Haziran 1956,,,
Commander of the Turkish Army,7,,https://tr.wikipedia.org/wiki/Nurettin_Aknoz,Orgeneral Nurettin Aknoz,25 Haziran 1956,16 Eylül 1957,1898,İstanbul,1898İstanbul
Commander of the Turkish Army,8,,https://tr.wikipedia.org/wiki/Necati_Tacan,Orgeneral Necati Tacan,30 Kasım 1957,28 Temmuz 1958,1895,"İstanbul, Osmanlı İmparatorluğu","1895İstanbul, Osmanlı İmparatorluğu"
Commander of the Turkish Army,9,,https://tr.wikipedia.org/wiki/R%C3%BC%C5%9Ft%C3%BC_Erdelhun,Orgeneral Rüştü Erdelhun,1 Ağustos 1958,21 Ağustos 1958,,,
Commander of the Turkish Army,10,,https://tr.wikipedia.org/wiki/Cemal_G%C3%BCrsel,Orgeneral Cemal Gürsel,21 Ağustos 1958,2 Haziran 1960,1895,"[1], Erzurum, Osmanlı Devleti","10 Haziran 1895[1]Erzurum, Osmanlı Devleti"
Commander of the Turkish Army,11,,https://tr.wikipedia.org/wiki/Cevdet_Sunay,Orgeneral Cevdet Sunay,3 Haziran 1960,2 Ağustos 1960,,,
Commander of the Turkish Army,12,,https://tr.wikipedia.org/wiki/Muzaffer_Alanku%C5%9F,Orgeneral Muzaffer Alankuş,4 Ağustos 1960,6 Ocak 1961,1331,"Erzurum, Osmanlı İmparatorluğu","1898Erzurum, Osmanlı İmparatorluğu"
Commander of the Turkish Army,13,,https://tr.wikipedia.org/wiki/Celal_Alko%C3%A7,Korgeneral Celal Alkoç,6 Mart 1961,26 Haziran 1961,1902,Manastır,1902Manastır
Commander of the Turkish Army,14,,https://tr.wikipedia.org/wiki/Muhittin_%C3%96n%C3%BCr,Orgeneral Muhittin Önür,31 Ağustos 1961,23 Şubat 1962,1903,"Hasköy, Havsa, Edirne","1903Hasköy, Havsa, Edirne"
Commander of the Turkish Army,15,,https://tr.wikipedia.org/wiki/Ali_Keskiner,Orgeneral Ali Keskiner,23 Şubat 1962,28 Ağustos 1964,1906,İstanbul,1906İstanbul
Commander of the Turkish Army,16,,https://tr.wikipedia.org/wiki/Cemal_Tural,Orgeneral Cemal Tural,28 Ağustos 1964,15 Mart 1966,,,
Commander of the Turkish Army,17,,https://tr.wikipedia.org/wiki/Refik_Y%C4%B1lmaz,Orgeneral Refik Yılmaz,21 Mart 1966,23 Ağustos 1968,1904,"1904Eyüp, İstanbul","1904Eyüp, İstanbul"
Commander of the Turkish Army,18,,https://tr.wikipedia.org/wiki/Memduh_Ta%C4%9Fma%C3%A7,Orgeneral Memduh Tağmaç,23 Ağustos 1968,16 Mart 1969,,,
Commander of the Turkish Army,19,,https://tr.wikipedia.org/wiki/Fikret_Esen,Orgeneral Fikret Esen,18 Mart 1969,28 Ağustos 1969,1908,"İstanbul, Osmanlı İmparatorluğu","1908İstanbul, Osmanlı İmparatorluğu"
Commander of the Turkish Army,20,,https://tr.wikipedia.org/wiki/Nazmi_Karako%C3%A7,Orgeneral Nazmi Karakoç,28 Ağustos 1969,28 Ağustos 1970,1909,"Bolu, Osmanlı İmparatorluğu","1909Bolu, Osmanlı İmparatorluğu"
Commander of the Turkish Army,21,,https://tr.wikipedia.org/wiki/Faruk_G%C3%BCrler,Orgeneral Faruk Gürler,28 Ağustos 1970,28 Ağustos 1972,,,
Commander of the Turkish Army,22,,https://tr.wikipedia.org/wiki/Semih_Sancar,Orgeneral Semih Sancar,28 Ağustos 1972,7 Mart 1973,,,
Commander of the Turkish Army,23,,https://tr.wikipedia.org/wiki/E%C5%9Fref_Ak%C4%B1nc%C4%B1,Orgeneral Eşref Akıncı,7 Mart 1973,29 Mart 1976,1910,Bursa,Ekim 1910Bursa
Commander of the Turkish Army,24,,https://tr.wikipedia.org/wiki/Nam%C4%B1k_Kemal_Ersun,Orgeneral Namık Kemal Ersun,29 Mart 1976,1 Haziran 1977,1915,"Üsküdar, İstanbul, Osmanlı İmparatorluğu","1915Üsküdar,İstanbul, Osmanlı İmparatorluğu"
Commander of the Turkish Army,—,,https://tr.wikipedia.org/wiki/Adnan_Ers%C3%B6z,Orgeneral Adnan Ersöz(vekil)[a],1 Haziran 1977,5 Ağustos 1977,1936,"İstanbul, Osmanlı İmparatorluğu","1917İstanbul, Osmanlı İmparatorluğu"
Commander of the Turkish Army,—,,https://tr.wikipedia.org/wiki/Semih_Sancar,Orgeneral Semih Sancar(vekil)[b],5 Ağustos 1977,5 Eylül 1977,,,
Commander of the Turkish Army,25,,https://tr.wikipedia.org/wiki/Kenan_Evren,Orgeneral Kenan Evren,5 Eylül 1977,6 Mart 1978,,,
Commander of the Turkish Army,26,,https://tr.wikipedia.org/wiki/Nurettin_Ersin,Orgeneral Nurettin Ersin,9 Mart 1978,1 Temmuz 1983,,,
Commander of the Turkish Army,27,,https://tr.wikipedia.org/wiki/Necdet_%C3%9Cru%C4%9F,Orgeneral Necdet Üruğ,1 Temmuz 1983,6 Aralık 1983,,,
Commander of the Turkish Army,28,,https://tr.wikipedia.org/wiki/Haydar_Salt%C4%B1k,Orgeneral Haydar Saltık,6 Aralık 1983,12 Ağustos 1985,1923,"İstanbul, Osmanlı İmparatorluğu","23 Nisan 1923(1923-04-23)İstanbul, Osmanlı İmparatorluğu"
Commander of the Turkish Army,29,,https://tr.wikipedia.org/wiki/Necdet_%C3%96ztorun,Orgeneral Necdet Öztorun,12 Ağustos 1985,2 Temmuz 1987,1924,"Konya, Türkiye","30 Ocak 1924Konya, Türkiye"
Commander of the Turkish Army,30,,https://tr.wikipedia.org/wiki/Necip_Torumtay,Orgeneral Necip Torumtay,2 Temmuz 1987,24 Temmuz 1987,,,
Commander of the Turkish Army,31,,https://tr.wikipedia.org/wiki/Kemal_Yamak,Orgeneral Kemal Yamak,24 Temmuz 1987,21 Ağustos 1989,1924,Merzifon,"3 Nisan 1924Merzifon, Amasya"
Commander of the Turkish Army,32,,https://tr.wikipedia.org/wiki/Do%C4%9Fan_G%C3%BCre%C5%9F,Orgeneral Doğan Güreş,21 Ağustos 1989,6 Aralık 1990,,,
Commander of the Turkish Army,33,,https://tr.wikipedia.org/wiki/Muhittin_Fisuno%C4%9Flu,Orgeneral Muhittin Fisunoğlu,1 Ocak 1991,30 Ağustos 1993,1928,"Niksar, Tokat, Türkiye","1 Temmuz 1928 (97 yaşında)Niksar, Tokat, Türkiye"
Commander of the Turkish Army,34,,https://tr.wikipedia.org/wiki/%C4%B0smail_Hakk%C4%B1_Karaday%C4%B1,Orgeneral İsmail Hakkı Karadayı,30 Ağustos 1993,30 Ağustos 1994,,,
Commander of the Turkish Army,35,,https://tr.wikipedia.org/wiki/Hikmet_Bayar,Orgeneral Hikmet Bayar,30 Ağustos 1994,27 Ağustos 1996,1932,"Saraylı, Gölcük, Kocaeli, Türkiye","9 Mart 1932Saraylı, Gölcük, Kocaeli, Türkiye"
Commander of the Turkish Army,36,,https://tr.wikipedia.org/wiki/Hikmet_K%C3%B6ksal,Orgeneral Hikmet Köksal,27 Ağustos 1996,28 Ağustos 1997,1932,"Yusufeli, Artvin, Türkiye","1 Mayıs 1932Yusufeli, Artvin, Türkiye"
Commander of the Turkish Army,37,,https://tr.wikipedia.org/wiki/H%C3%BCseyin_K%C4%B1vr%C4%B1ko%C4%9Flu,Orgeneral Hüseyin Kıvrıkoğlu,28 Ağustos 1997,27 Ağustos 1998,,,
Commander of the Turkish Army,38,,https://tr.wikipedia.org/wiki/Atilla_Ate%C5%9F,Orgeneral Atilla Ateş,27 Ağustos 1998,25 Ağustos 2000,1937,"Kastamonu, Türkiye","6 Temmuz 1937 (88 yaşında)Kastamonu, Türkiye"
Commander of the Turkish Army,39,,https://tr.wikipedia.org/wiki/Hilmi_%C3%96zk%C3%B6k,Orgeneral Hilmi Özkök,27 Ağustos 2000,29 Ağustos 2002,,,
Commander of the Turkish Army,40,,https://tr.wikipedia.org/wiki/Ayta%C3%A7_Yalman,Orgeneral Aytaç Yalman,27 Ağustos 2002,29 Ağustos 2004,1940,"Üsküdar, İstanbul, Türkiye","29 Temmuz 1940(1940-07-29)Üsküdar, İstanbul, Türkiye"
Commander of the Turkish Army,41,,https://tr.wikipedia.org/wiki/Ya%C5%9Far_B%C3%BCy%C3%BCkan%C4%B1t,Orgeneral Yaşar Büyükanıt,29 Ağustos 2004,25 Ağustos 2006,,,
Commander of the Turkish Army,42,,https://tr.wikipedia.org/wiki/%C4%B0lker_Ba%C5%9Fbu%C4%9F,Orgeneral İlker Başbuğ,25 Ağustos 2006,27 Ağustos 2008,,,
Commander of the Turkish Army,43,,https://tr.wikipedia.org/wiki/I%C5%9F%C4%B1k_Ko%C5%9Faner,Orgeneral Işık Koşaner,27 Ağustos 2008,27 Ağustos 2010,,,
Commander of the Turkish Army,44,,https://tr.wikipedia.org/wiki/Erdal_Ceylano%C4%9Flu,Orgeneral Erdal Ceylanoğlu,27 Ağustos 2010,29 Temmuz 2011,1945,"[1], Kayseri, Türkiye","25 Ekim 1945 (80 yaşında)[1]Kayseri, Türkiye"
Commander of the Turkish Army,45,,https://tr.wikipedia.org/wiki/Necdet_%C3%96zel,Orgeneral Necdet Özel,29 Temmuz 2011,4 Ağustos 2011,,,
Commander of the Turkish Army,46,,https://tr.wikipedia.org/wiki/Hayri_K%C4%B1vr%C4%B1ko%C4%9Flu,Orgeneral Hayri Kıvrıkoğlu,4 Ağustos 2011,23 Ağustos 2013,1948,"Konya, Türkiye","8 Ağustos 1948 (77 yaşında)Konya, Türkiye"
Commander of the Turkish Army,47,,https://tr.wikipedia.org/wiki/Hulusi_Akar,Orgeneral Hulusi Akar,23 Ağustos 2013,17 Ağustos 2015,,,
Commander of the Turkish Army,48,,https://tr.wikipedia.org/wiki/Salih_Zeki_%C3%87olak,Orgeneral Salih Zeki Çolak,17 Ağustos 2015,23 Ağustos 2017,1954,"Akçaabat, Trabzon, Türkiye","20 Temmuz 1954 (71 yaşında)Akçaabat, Trabzon, Türkiye"
Commander of the Turkish Army,49,,https://tr.wikipedia.org/wiki/Ya%C5%9Far_G%C3%BCler,Orgeneral Yaşar Güler,23 Ağustos 2017,10 Temmuz 2018,,,
Commander of the Turkish Army,50,,https://tr.wikipedia.org/wiki/%C3%9Cmit_D%C3%BCndar,Orgeneral Ümit Dündar,10 Temmuz 2018,13 Ağustos 2021,,,
Commander of the Turkish Army,51,,https://tr.wikipedia.org/wiki/Musa_Avsever,Orgeneral Musa Avsever,13 Ağustos 2021,16 Ağustos 2023,,,
Commander of the Turkish Army,52,,https://tr.wikipedia.org/wiki/Sel%C3%A7uk_Bayraktaro%C4%9Flu,Orgeneral Selçuk Bayraktaroğlu,16 Ağustos 2023,18 Ağustos 2025,,,
Commander of the Turkish Army,53,,https://tr.wikipedia.org/wiki/Metin_Tokel,Orgeneral Metin Tokel,18 Ağustos 2025,Görevde,1961,"Kürtün, Gümüşhane, Türkiye","1961 (64-65 yaşında)Kürtün, Gümüşhane, Türkiye"
